"","MR1","MR5","MR9","MR2","MR3","MR4","MR8","MR10","MR6","MR7"
"Q3.2_1",0.00717015870760637,0.0149727167769449,0.0873326175681216,-0.0239818919698482,-0.0250823953612805,0.734860210849929,-0.00169881652063419,0.0632768196241012,-0.00563948934373915,-0.0370286252101416
"Q3.3_1",-0.0219363701622992,-0.0638786566121747,0.0233148002478656,0.0140842582688899,0.0183189738655631,0.62042473379557,0.0524621772330269,0.00697528620640656,-0.0124703876114324,-0.117415681715367
"Q3.4_1",-0.0615797381566456,-0.0439351453978601,0.00185626331079407,-0.000926249992552638,0.0100212370474915,0.798210416527908,0.00851537930977522,0.0157146245251754,0.0160478374395633,-0.0855254403220423
"Q3.5_1",-0.0481851840653303,0.00822069400750488,-0.0219083101845596,-0.0332987316858053,0.0378291168879839,0.744312760994783,0.0212712662800322,0.105603689380888,0.0259250516833704,-0.097691033365315
"Q3.6_1",-0.0305473082213256,-0.0237535568184694,-0.0031741365846671,-0.0213581189490621,-0.0166068171804666,0.767882368413066,0.0154198477949238,-0.0575992547463024,-0.0184578988941589,0.131872285332927
"Q3.7_1",0.0973982544095749,0.070120574312218,0.118457751242463,0.0689574178302887,0.149776393340693,0.202518939950236,0.13060453403709,0.149346622045648,0.0937639642192786,-0.0294388424237957
"Q3.8_1",0.478011613534553,0.11103293257528,0.0860713266485893,-0.0529346172397249,0.15731670551356,0.0153670815218357,0.00661148569042842,-0.211769785069201,0.0587961836308934,0.116286881426463
"Q3.9_1",0.32031656366829,0.0385965372256648,0.0998681887804734,-0.0816068069906518,0.0185859176543529,0.0480090745481768,0.158604720102899,0.238673229566741,0.0929507987791941,-0.101817588355155
"Q3.10_1",0.443362204913376,0.0612996193832539,0.0688207602402844,-0.0360802984675021,0.140217321631585,-0.00363498300870662,0.027854524082852,-0.157260391661208,0.0986470563940537,-0.0539003296505079
"Q3.11_1",0.40924756647536,0.12867569646284,0.11879840662147,-0.174317561737162,-0.00721099973773663,0.105717374163363,0.0772827866324515,0.241040374596321,0.0757354620957079,-0.0924856180520668
"Q3.12_1",0.43567040106435,0.109367668942632,-0.00338685338963796,-0.0244324251946368,0.115741625538721,0.143853393591841,0.100333601571719,0.177721408863279,0.0300484172054733,-0.0875873077717133
"Q3.13_1",0.305423606882401,0.106978375059117,0.309672367374128,-0.0960109378689864,0.0102951512165146,0.143018866074692,0.125803275714052,0.116092601660945,-0.130333317094438,0.0994706527075615
"Q3.14_1",0.440124994524374,0.120898123901748,0.188318606960794,-0.0613812220014187,0.0511143719142399,0.0637171845576296,0.0321407241176399,-0.0287747604789943,-0.129803729101775,0.169906305701146
"Q3.15_1",0.115920899260202,0.162484763385947,0.312253426161775,0.169904842896068,-0.0995828326108735,0.0248225304036134,0.0516394789229445,-0.166401767396654,-0.0446966216590145,0.181678716216601
"Q3.16_1",0.487659465831302,0.117130359379858,0.176417048468277,-0.124784356453234,-0.0779664426431107,0.110870381604571,0.00743843927214898,0.112331185245632,-0.19938495642161,0.0970668078916528
"Q3.17_1",0.585870269891486,0.0490071189524693,0.0123228997450595,0.0570619871376927,0.128814763659466,0.116620655961218,0.00707840610963689,-0.00791046621466596,-0.020935276790345,0.116197597185925
"Q3.18_1",0.697668635981107,-0.0196249389576161,-0.00587716299161576,0.00453472225634505,0.00700043299993371,0.111743617247447,0.0373708807898693,0.136889534193673,-0.0623595530226078,-0.0501969933047853
"Q3.19_1",0.665167800829837,0.0637131049814657,-0.022936173876882,-0.0817767241178894,-0.0816254907714497,0.122181644741395,0.07254114608204,0.172183207390837,-0.0116575951505088,-0.0554289264010545
"Q3.20_1",0.485889449368233,0.0907661752620696,0.180694941653004,0.046751332770571,0.0218483808708624,0.0862825363626207,-0.0258166714236903,-0.215723994237952,0.0232106358245926,0.125498514133845
"Q3.21_1",0.678955714042124,0.0321114170941374,0.0603102184775536,0.103597278294101,0.0147536802849385,0.076925876449942,0.0774565054159384,-0.100154593356672,0.010148093800449,0.079960620337944
"Q3.22_1",0.651518717640025,-0.0285910389723081,0.0615365713924013,0.0554412617716741,0.00612709671558498,0.0721562074061614,0.0431630443246159,0.0421060816070473,0.0427962566224221,-0.0259079428419288
"Q3.23_1",0.595302606323325,0.00705507180546688,0.0677024077068451,0.0207968631909871,0.0616554261047891,0.0775887317150503,0.105218043043738,0.0701757398212139,0.0583355072073981,-0.0532828037862144
"Q3.24_1",0.130804151425646,0.364861181595908,0.115005044777938,0.116136503330952,0.116138811039504,0.02993246111449,0.113648744395917,0.0764721620632441,-0.00458251809669844,0.203242764197176
"Q3.25_1",0.243274763515599,0.321335021292243,0.265367224821944,-0.0159863772120579,-0.222587341714011,0.0310975141595288,-0.0213056556305055,0.0193993310559375,-0.199952213623693,0.0905149309183431
"Q3.26_1",0.195824951468748,0.357329647127877,0.218167049498179,0.162242143107978,-0.135131427184285,-0.0573736648153262,-0.0101726653397474,-0.0872700044625783,-0.1129969320976,0.107560131327421
"Q3.27_1",0.0371112749505199,0.516533082950797,0.0818078327801155,0.0107729758195809,-0.100035734323224,0.0214789486627312,0.0165456684690972,-0.0609367389638457,-0.212188042895433,-0.0112119341475326
"Q3.28_1",0.0512996405648872,0.577786189256266,0.102836013315324,0.0572023542987197,-0.0815312345577135,-0.0106204397639323,-0.00137483341804487,-0.114952838694724,-0.19645294424193,0.0519370398248416
"Q3.29_1",-0.0441548858361343,0.814753884293399,0.00190329933279847,-0.00444383298763827,-0.0084928743178343,-0.0478043108067862,0.0428300218156635,0.049295471191151,0.0268129492434385,0.0265137495430683
"Q3.30_1",0.0637090278646251,0.419558681261236,0.112930219488591,-0.00928136552969951,0.0578684778135817,-0.0307243053167797,-0.0049285732824926,0.127765609778151,0.0637949135143278,0.2459029757071
"Q3.31_1",0.168566672873239,0.309601713133034,0.0616333799700999,0.0408992804658604,0.00229252951871654,0.0333336193538062,0.0603436592182623,0.0989426567146181,0.0144875112364171,0.316386316115262
"Q3.32_1",-0.0845925558092981,0.839834450415919,-0.0613502358420179,-0.0111046136047932,-0.00117704254086626,0.000939186021981103,0.0653166406607924,0.0247933950731672,0.0600533826790999,0.00915879576248409
"Q3.33_1",0.134561188030775,0.457137409693,0.089889864419678,-0.0116238618966303,0.00391307808311182,-0.0409112142133232,0.0348325853313181,0.221473379404881,0.00433395847227898,0.139728177949728
"Q3.34_1",0.0501847688922617,0.706387105029845,-0.0277971163697958,-0.0569473212234154,-0.030813741478429,0.0293206657550198,0.0413491401196859,0.042136413034399,0.0846853487992211,0.14425714801603
"Q3.35_1",0.00518016364201077,0.704444878020179,0.0066182343993785,-0.0234937460745046,0.0339719032463433,-0.0108687584411535,0.0181796358888913,0.0339728753478794,0.0599158004575379,0.147842752804115
"Q3.36_1",0.0164338898409462,0.640108268453867,0.0263572349977445,0.105934136424636,0.0511575630120727,0.0072508758724359,-0.00539047106779926,-0.149178013235871,-0.0829447476982337,0.0384079991226791
"Q3.37_1",0.104824887631859,0.431561018173119,0.069398488115776,-0.108148698014475,-0.017257629005156,0.0816172348648587,0.0286770439230981,0.251850482446843,0.00965642875968071,0.263231701635264
"Q3.38_1",-0.0146437371185516,0.663415857421851,-0.038835693822742,0.0331140558527563,0.0757814832200323,-0.0228791947709774,0.0359145088395837,-0.072666858888669,-0.000220710140500187,-0.258615752947054
"Q3.39_1",0.0434334927191153,0.486477344245539,-0.0279662920130312,0.0249392701053317,0.165031128881775,-0.0143411581824763,0.0210255388145874,-0.177413787725514,-0.16536076461675,-0.384575841244811
"Q3.40_1",0.0342378138979786,0.556702022014806,-0.0351362918403049,0.0668182284216142,0.124634439287644,0.064694215904682,0.0636883286517562,-0.0636539877105061,-0.0332579256096239,-0.160453261263965
"Q3.41_1",-0.0779265742634685,0.520129821272287,-0.0110498452302906,-0.0531265226805407,0.0977737323775322,0.0257825022358022,0.0152003138623756,-0.138065097511618,-0.0493077964827606,-0.278235836428466
"Q3.42_1",-0.036053021364842,0.777098880786353,-0.0170259257071441,0.0439210288686424,0.00661853978872824,0.0275969253892638,0.0604983530659181,0.072456140072565,0.0729014703800548,-0.0366313505977538
"Q3.43_1",-0.112854961836863,0.422950792402107,0.000988098009529511,-0.0590997926849764,0.147390616850726,0.163652412247082,0.0958151006982719,0.0830045894287448,-0.0635276945169584,-0.106096873639314
"Q3.44_1",0.0860906169030503,0.13836108697923,0.0243625861955588,-0.0526226182863152,0.0449636629661479,0.149630796286667,0.0946724232009514,0.429676150361204,-0.0857993339612445,-0.0441163758252355
"Q3.45_1",-0.0671724104138543,0.75255101995085,0.0209877362456637,0.0799059825039427,0.0245387414069235,0.0108144362264021,0.0702082599938698,0.00692955327001743,0.0563715627244959,-0.113707196751566
"Q3.46_1",0.228561046614542,0.234913260960303,0.0613008581760209,-0.177384199389933,-0.0865289510316396,0.0152948215122116,0.0698455843432063,0.413061698833552,-0.0584903717611251,0.033784669849368
"Q3.47_1",0.284353455407013,0.189393473736384,0.0950553459729511,-0.260698192332691,-0.0332898166268071,0.105626053843296,0.120758075709329,0.330996945041432,0.0439653176539558,-0.0251647419085335
"Q3.50_1",0.375961970962313,0.00933930315498234,0.0747330213936366,0.0590228957460966,-0.141237134595342,0.0295195378388019,0.173485941319727,0.330752257155576,0.049032545257303,0.0192332902694893
"Q3.51_1",0.13682042697401,0.285225812331772,0.234433983699555,0.0766677137413496,-0.0860761954305923,0.00302367449400912,0.073488722008663,0.134798932295344,0.0235029976043834,0.221502624658272
"Q3.52_1",0.309732091144693,0.156682230292041,0.0903007521980911,-0.219602548340913,-0.0159388496369328,0.0829723487344397,0.185984247951425,0.378751283749465,0.0181490392857612,-0.0347809361564832
"Q3.53_1",0.0082696025597715,0.707103975449438,0.0131894247379118,0.101237461540203,-0.03816894455029,0.0227501215548483,0.017275732955714,0.123161456567188,0.0243913525607335,-0.039621142405373
"Q3.54_1",0.0481498092512018,0.148020788352961,0.0671103346321066,0.293555931380756,0.395833799959863,0.0696684239110791,0.0359906835540885,-0.0451250439995326,0.026629908977984,0.230594999107114
"Q3.55_1",0.0155045912549447,0.124235293510623,0.320894684853775,0.0967065232827078,0.0618376688784645,0.175876055400562,0.153685504996972,0.167088782101784,0.0278867110717022,0.193317986927247
"Q3.56_1",0.0557009234763477,0.260380250120633,0.0779051190048706,0.01521793512195,0.491964021047478,-0.021359392059448,0.0467898687399747,0.132662300153363,-0.00571417433110431,0.157808701853461
"Q3.57_1",0.0995159150866119,0.0847458700539213,0.0418830514797836,0.15050340792098,0.247176248341251,0.0730081557445712,0.110563891680148,0.0736081031741812,-0.131846053248615,0.137499263418327
"Q3.58_1",0.166533804184631,-0.0173052657796024,0.119533115345385,0.175752191337932,0.067928569626112,0.0343674281311992,0.154573605991665,-0.0584773377245392,0.194116387580369,0.188401401127639
"Q3.59_1",0.0275766502176903,0.131358480573102,0.0603851953627967,0.268841895282246,0.268837055072667,0.065013689374795,-0.0541021818282463,0.167410296125449,-0.0534545156658351,0.162601044262696
"Q3.60_1",0.0707278649472588,0.27376353395702,-0.0535090389935368,0.15063301429042,0.248424146222024,0.195540533358996,0.0607183558319515,0.191965893257264,-0.0270617560551159,0.243518148308026
"Q3.61_1",0.0269644987211602,0.194353742112489,0.0608840467131462,0.214608749208766,0.16006613194509,0.182167077344273,0.0595589727453271,0.263040942341536,-0.015507281580232,0.213638542227294
"Q3.62_1",0.0479156123669758,0.626747626773987,-0.00294262677184914,0.0557168767417754,0.0648913813274862,0.0396725361717134,0.0628204165911879,-0.109429172642914,-0.0177286927935727,0.0794949996616414
"Q3.63_1",0.0894794284976403,0.182158177372045,-0.0774486337729028,0.0633737211048905,0.519465310860317,0.103191237731169,0.0834331406259942,0.21364279124751,0.065904987738344,0.0251997678802768
"Q3.64_1",0.0137520075700317,0.146085021086345,0.0202248562470225,0.152439386344774,0.167446409369111,0.173221237611066,0.111722316225358,0.40282542808454,-0.014493745446405,-0.0216144253839476
"Q3.65_1",0.126816707704708,0.15010919388675,-0.0521374801321595,0.104968944041682,0.208226565090368,0.144455032234702,0.0806541303775719,0.412744361301684,-0.0598442115701684,0.0212445762320546
"Q3.66_1",0.0886516495656156,0.0531575899527497,-0.00647350926733259,0.383812212086338,0.249292873528376,0.0907379615120505,0.0115140329478083,0.32741669038403,-0.0932674706211003,-0.0149194713298423
"Q3.67_1",0.155166818905091,0.000334024576403021,0.0363081390919977,0.0247135788438899,0.662631475873175,0.0104304478165227,0.0396360514870844,-0.0181796410112957,0.0402737761383314,-0.0180994445951625
"Q3.68_1",0.0795068478549596,0.20817260113281,-0.0305475535103932,0.0223075665438121,0.0251266175709091,-0.0163516064367692,0.0817489343819119,0.252321405835081,0.19596430873194,0.155422873876861
"Q3.69_1",0.119372907996129,0.210797517934642,-0.0610291072546508,0.356671913489887,0.239676991673999,0.0927294846414773,0.0813347102828986,0.129738425105149,0.140465067543493,0.0590736070264499
"Q3.70_1",0.163710970619976,0.168057516094971,-0.00324639570866027,0.0951002702504966,0.222489649510898,0.0248965085261717,0.0518683258738341,0.24704490583936,0.28294758461159,0.104857646721035
"Q3.71_1",0.141807109490968,0.201494578258599,0.00531013515007614,0.0467506072511686,0.185043485984765,0.128103629899135,0.0696586840228282,0.403834236508789,-0.110150063318133,0.00973806554895351
"Q3.72_1",0.135993139198205,0.233893393283192,-0.0282460454145797,0.159048296845372,0.356040388453675,0.122478524575271,0.0845359254809146,-0.0138869888908869,0.0967333740147267,0.231433126937134
"Q3.73_1",0.0504259169210824,0.0632449069125965,0.12095711537701,0.441181535265071,0.0726375235458778,0.0773572085567581,0.193967707117257,0.0861531454990535,0.057578095590578,0.143187532916512
"Q3.74_1",0.0575899350904901,0.0746443986811428,0.0597190703606886,0.521279383609856,0.0537694676971688,0.0491554999920658,0.187500481842633,-0.103593933090043,-0.00249531629519072,0.106280170409309
"Q3.75_1",0.109536149352855,0.122984930268152,0.206812042641509,0.221039474140767,0.0434068516271942,0.0727981470000888,0.1804730084245,0.0283361201467212,0.0365366345299504,0.217033563056734
"Q3.76_1",0.142223098535466,0.0892361846717924,0.0731678673012551,-0.0572585737554032,0.375613235964458,0.0110982823916522,0.0844989167879288,-0.0322234171105555,0.211350668570189,0.196305113727852
"Q3.77_1",0.0550591484358956,0.0888433721752409,0.146098145421584,0.537329989346408,0.0475868768954886,0.0165892101855295,0.112580227370679,-0.0964305379237824,0.000554848850042593,0.158160543873831
"Q3.78_1",0.150841597297379,0.117845805265637,0.0522220237270152,0.412672956941087,0.0380402181715759,0.11300202479849,0.137768358210375,0.0218121602919294,0.00779860788793056,0.217866898849113
"Q3.79_1",0.103448931676296,0.128132449900392,0.102078560581988,0.246370590839753,0.350961632206326,0.0767719559399385,0.0462364544143885,-0.13453504837088,0.0702088368330714,0.197677895782635
"Q3.80_1",0.0590807740180625,0.0843694302320703,0.0729279218071586,0.478213126588189,0.0781568398832204,0.109811065751888,0.139317155990542,0.0446034044077927,0.0903949337578563,-0.00214717818764582
"Q3.81_1",0.14313299683133,0.0528510709966914,0.019855853401002,0.460832911214645,0.0462030107362585,0.103589304834392,0.168184396591876,0.130135096586441,0.0840074564353113,0.0576895286558471
"Q3.82_1",0.144576680604706,-0.0177381055108036,-0.0563284376468198,-0.141346374313572,0.304900688634374,-0.0264910186712173,0.100561309269894,0.0783715994624179,0.278915479998478,-0.158803983050575
"Q3.83_1",0.0818605388998082,0.0690104495131787,0.0675015512861734,0.457635900829126,0.0720226758041977,0.123930063505989,0.1488638689501,0.0895380051122275,0.100432646671839,0.0416912345648725
"Q3.84_1",0.0203946693331973,-0.00666079847765556,-0.0191751852819925,-0.0161808079752966,0.46662235184278,-0.0259061208523913,0.140415965202973,0.00251606120702227,0.205707489760493,-0.190662457366797
"Q3.85_1",0.0556805928690083,0.04359674257042,0.0288941196067576,0.155618569508864,0.399463011478299,0.0925094425491815,0.0721667116591996,-0.0241980888746132,0.117489003559389,-0.134456032728667
"Q3.86_1",-0.0765375396152333,-0.0966287971416672,0.482377360426945,0.240401744024377,0.132136313013849,-0.0103164746005274,0.0658530250491766,0.0127058190618089,-0.0680673168117953,-0.0362350403427531
"Q3.87_1",-0.121295330384181,-0.108480568601005,0.551166177355122,0.307800868849076,0.114677751530208,-0.00501891433746775,0.046601858762039,-0.0277970511072582,-0.091176684112152,0.00345803320635547
"Q3.88_1",0.10511710596103,0.113253059683208,0.187750838603297,0.524023769592385,0.0142543264207918,-0.0194856799738152,0.0234810825648062,-0.0402625848485966,-0.0239016755379242,0.0859324802081939
"Q3.89_1",0.0864559045097125,0.0730511723704096,0.189060260099422,0.547857947122236,0.0198463585653656,0.0203867030153733,0.0186501822789503,-0.0438743969455151,-0.00820145362976471,0.0786705593105759
"Q3.90_1",0.0850866514120484,0.0408177137814918,0.0541135586535611,0.44100702462444,0.0663985508385186,-0.0656108492577497,0.0689320499451881,0.0409599538736585,0.121972915715972,-0.0828393484596371
"Q3.91_1",0.00412628082972132,-0.247588406292599,0.229358972900999,0.306819067423862,0.0142286422917862,0.0128950355173658,0.0722866853349033,-0.0149994836571122,0.0402162940113941,0.224093677295515
"Q3.92_1",0.0770655825649927,0.077051540630177,0.19758727245867,0.531689045057704,0.0732630554550744,-0.0437434411880342,0.0434902957004033,-0.0554109156222116,-0.0245286975392196,0.0464730005684049
"Q3.93_1",0.0559201976391884,-0.0314221821513882,0.0949193063648616,0.191619559913563,0.0710529798197059,0.0305427266665785,0.174085838232965,0.0619715201210132,-0.0336528986374853,0.16694532856557
"Q3.94_1",0.123528689685891,0.0979459845216293,0.0563346558720007,0.529905157346537,0.0113551020242938,0.00182555733716229,0.00667507621218838,0.0672949748656819,-0.00828932568623683,0.0505841690492724
"Q3.95_1",0.0328676240479109,0.0553351836498609,0.0621727527442006,0.644258751105994,0.0757907945205063,0.0509943663736615,0.00729622562077532,0.0506275701536796,-0.100323428823762,0.0651504440278175
"Q3.96_1",-0.0224649697574908,0.0192477575381286,0.358161245336925,0.459246851036762,0.031276934643634,-0.00225025144152621,0.047982329963845,-0.149744227826073,0.00534860374503721,-0.0301368130970714
"Q3.97_1",-0.0418500934255007,-0.190212887971084,0.413836669230789,0.0955003314965289,0.11400821121214,-0.0738382324440959,0.0750429589439808,0.157983420416287,0.00833692869430802,0.0988844580893892
"Q3.98_1",-0.0591992330078225,-0.0690661150466177,0.65792867152949,0.057293002570916,0.0978279073380988,0.00262762422941924,-0.043307497975112,0.0468537978982333,-0.133594243345912,0.0592358890060727
"Q3.99_1",-0.12669983983034,-0.0952662401021323,0.383229797463158,0.185460802184857,0.150436011782183,-0.0130321482793668,0.0539830449844217,0.0619534577049894,-0.0675635626426338,0.0887950070767837
"Q3.100_1",0.150047601892479,-0.0434434834323718,-0.0270874426601934,0.381640862446313,-0.0590196687873397,-0.033348708862066,-0.0270021416008141,-0.123062558065634,-0.053344155281902,0.167421550209139
"Q3.101_1",0.123662802411777,0.0176320572961428,-0.0519701993389167,0.387275007061569,-0.0760700172246722,0.00710240224625644,-0.0295489500195437,-0.173988201096758,-0.0594329517701786,0.102278251765713
"Q3.102_1",-0.0114310783283761,0.00664894626419493,-0.00259864607294878,0.430433529128189,-0.022145057782025,-0.0256549479416873,-0.0317108849248121,-0.330380348367612,-0.0189488055282292,-0.0632866114998203
"Q3.103_1",-0.0539210538047316,-0.0768574139479909,0.113843837285969,-0.455073007691253,0.0424852075241312,-0.0172497467353538,0.0404871334128805,0.191733556254151,-0.0976315022949085,0.195161721593696
"Q3.104_1",-0.0103503383165372,0.0701351631963492,0.131230294533376,0.445294358180688,0.0270988847616764,0.0353952404768909,0.136419738901044,-0.138943116254885,0.0772207302263644,-0.248993542783955
"Q3.105_1",-0.00198901358276825,0.0573281197860996,0.0730302342894816,0.393826812422404,0.0262680200798351,0.0939092124737747,0.156170819101115,-0.0978447994724114,0.0710437454568172,-0.25676359968375
"Q3.106_1",0.0874092166299039,0.107603814442001,-0.00355978160576533,0.444363898781086,0.16789698786562,0.00982894186845495,-0.020328489818999,0.178562958311195,-0.14667481290164,-0.275854731087478
"Q3.107_1",0.175384886712448,0.0656414718913985,0.0858140764120475,0.527010177181962,0.0757872375505598,-0.0198429036377648,-0.0253461023185964,0.0994739738528204,-0.0611854681711152,-0.196937171267924
"Q3.108_1",0.0670177772759297,-0.245946232426709,-0.0579439664647089,-0.118522751678068,0.117956305380162,0.0439933786952233,0.0969230902117218,0.0234920598843872,0.233880314686896,0.0395599975340728
"Q3.109_1",-0.0381896161448162,-0.0203701035864444,0.277026745883318,0.453890346445825,0.0663944651351231,0.00829418778636642,0.120209286327632,-0.15149859801892,-0.0167019738555687,-0.178798440278761
"Q3.110_1",-0.0199356163161484,0.180362310641315,0.00997270031547686,0.417976046996766,0.154023312210343,0.0547122677644283,-0.0103365018509952,0.117380949954601,-0.0939781057193064,-0.321939685249651
"Q3.111_1",0.111528286015491,0.0443153404803848,-0.0674969471169442,-0.171343195787829,0.0203624720395178,0.0351257687275716,0.00293627309880087,0.0154832890112989,0.169110961267298,-0.140980219806068
"Q3.112_1",0.186583344363475,-0.226777154755943,0.0823059205772007,0.27230071698821,-0.121960246831701,-0.0410643463396626,-0.0531133498836205,0.282923107869114,0.159789018753508,0.0751579237496788
"Q3.113_1",0.229635226394027,0.0678248491712799,0.0439945219655961,0.483581682713355,0.0987994465442454,-0.0113774791637752,0.0300315923819765,0.0861977916139922,0.0654779519548752,-0.066204319876997
"Q3.114_1",-0.0628092035644687,-0.00418154084054192,0.368735609158704,0.346840148855116,0.07453002519321,-0.0291917682582476,0.0502623618327895,-0.0807095617098868,0.0136218213753243,-0.151439770798094
"Q3.115_1",0.0337678645744227,0.054845641535681,0.0909778757282173,0.183843666336163,0.319967638339101,0.0621286638533102,0.0386022852957688,0.0383108417711653,-0.168593483140723,-0.283219256586358
"Q3.116_1",-0.0233767874804698,0.0163945632587802,0.0284615431020992,-0.058948057054831,-0.0331780709966039,0.0201097890516098,0.00448396041025339,0.0720381723467546,-0.0571343678562302,-0.291370561047974
"Q3.117_1",0.0229480961736013,0.116658450352417,-0.0231286789942825,0.494392942990954,0.107141373415355,0.152294793220255,0.0895707972894287,0.123093644067916,0.0651812840193498,-0.0256994224887765
"Q3.118_1",-0.0554998004658462,-0.062371998414229,-0.0395154182638189,0.172714983897688,-0.0203001901430023,0.608341185512266,0.0382204363788379,-0.231275372824714,0.0787153521969225,0.0249222797817089
"Q3.119_1",-0.0731836097275563,0.012187079377117,0.145212040555653,-0.0204994958301643,0.038393559375008,0.723835903267866,-0.0193818467060598,0.0302398291974488,-0.0246886769400938,0.0894715974429954
"Q3.120_1",0.166446359344712,-0.0144868631196739,-0.105344050345178,-0.0103096916336802,-0.0210348215920936,0.705843910663769,0.0366844939464429,-0.0112156882501207,0.074564640734326,-0.0660991322288135
"Q3.121_1",-0.0700940125667066,-0.0554071808357266,0.0888797148715324,0.206507585482848,0.0488281071505876,0.483430748522569,0.0147831470328248,-0.234839728256341,0.0409702593794973,0.0236840260123208
"Q3.122_1",-0.0224777977400792,0.0838470580284637,0.0401582125715261,-0.0578236419627471,-0.0606905228968981,0.72400498471405,-0.0181917902119979,-0.0374317756274837,-0.0296718422213479,0.110660078434005
"Q3.123_1",0.0795839242275317,-0.106619211988418,-0.0974150681627167,-0.0398717674178286,-0.0137703243634829,0.81758434565787,-0.00193112463224903,-0.08640215594519,0.0287750027790279,-0.0310089907759459
"Q3.124_1",0.236745191209026,0.116567199635532,0.391453556269766,-0.152355560352834,-0.0366824190639145,0.221944544870462,0.078253292585339,0.143590440849449,-0.0113106784218791,0.104876593186946
"Q3.125_1",-0.0390671707786386,0.0787842119634384,0.297094125503165,0.179657854893861,0.0585314606419989,0.15364733205872,0.0150128899925261,0.242831238055405,-0.0459876460837978,0.205998522038633
"Q3.126_1",0.0488508223747626,0.0271365394345975,0.604547368893208,0.0746388341256111,0.0190494566139417,0.162929805525376,0.00503565735327377,-0.0601737055417083,0.0198161289887413,0.0667188853106095
"Q3.127_1",0.0582625162950254,0.0420939477340207,0.598635446305365,-0.0183871465821004,-0.0532843325833053,0.0971322591507411,0.0101213115901117,0.0298345172319187,0.0729809063566166,0.119622930618823
"Q3.128_1",0.0773531129834206,0.0227148022747189,0.645391421489944,-0.00991184949253487,-0.012977244063806,0.117272919431315,0.00568760898057147,-0.0448946078032108,0.059280983855928,0.102911206713577
"Q3.129_1",-0.107847314452211,0.0482756762145639,0.554229293827719,0.148843035386803,0.0062923865427437,0.0725283900352623,0.112095562561647,-0.0458044753820632,-0.0254261344891645,0.0375126604736588
"Q3.130_1",0.302240536961691,0.115848011959432,0.361116618121302,-0.147697183913921,-0.052275471965129,0.202663756422471,0.0676221226599294,0.157831040130133,0.010267132937145,-0.138415188080174
"Q3.131_1",0.0489279964677471,0.0326966489483593,0.491678598370071,0.059145511242151,0.0320959333898851,0.124757681869949,0.0697968948730414,0.0508304201164382,0.159752152820668,-0.161697113820617
"Q3.132_1",0.243220232620024,0.104791698107596,0.33062195555231,-0.118350440837796,0.0076554892406059,0.208148521895845,0.122638533707157,0.221178045995509,0.0089824372984003,-0.0488208458715024
"Q3.133_1",0.139602001530026,0.0436416938335571,0.241166041899392,-0.191911250511483,0.058941475645715,0.108128709070603,0.0786306060205049,0.190680809322707,-0.0834286905024472,-0.198141109944863
"Q3.134_1",0.0197930745136885,0.0104865803703087,0.484577253319387,-0.00555347570009267,0.0135785393235173,-0.0493082072081061,0.140345839532578,0.0831825683278995,0.191049368080009,-0.296182675620504
"Q3.135_1",0.00422975305220077,-0.0379656430782749,0.653006608775621,-0.0117643936828747,0.00267765495254016,0.0609019706384952,0.0563961231758176,-0.0279944938298601,-0.0434226116119341,-0.0255773505529111
"Q3.136_1",0.011559185965551,0.119911656955784,0.448654603295462,0.186217821748786,-0.0455797011902156,0.0748168881991815,0.0961515707696423,-0.092404523220056,0.078463210057143,0.125981761364142
"Q3.137_1",0.195868298167948,0.0803973996077092,0.489281233382427,-0.12664580101459,-0.0182622751499954,0.108030594858914,0.00637347418361753,-0.00588296407699905,0.0525703881248463,0.11018309266114
"Q3.138_1",0.127792295254728,0.0449564343475906,0.34759478884411,-0.0437913651122189,-0.0303249322778726,0.0732875283476327,0.11588352637121,0.163162096603403,-0.0468883152812369,0.185713875365445
"Q3.139_1",0.256009652189215,0.082236832464989,0.414421808078329,0.0623811381413914,-0.173336528142539,0.16158654832008,-0.0264866723923293,-0.024691516040069,-0.0765467684570831,0.136505187525413
"Q3.140_1",0.0784839680646824,0.033680153113015,0.576561967873156,-0.0114810062795068,0.0753755205732879,0.119402224702106,0.0791654762259037,0.00594296554661643,0.0451554119027048,-0.000105069466261829
"Q3.141_1",-0.0501153681437741,-0.0320714746798381,-0.00193161971556296,-0.0725070715836568,0.0472433087831034,-0.0307451370949977,0.0705117729853557,-0.0180961166301026,0.491079958813821,-0.0386656512209723
"Q3.142_1",-0.0820545714590141,-0.00182978171468755,0.527435887236134,0.142198807662985,0.0595325703426933,0.00275976330304866,0.0902896544383238,-0.125041469003831,-0.0786153118591531,0.0705227923955918
"Q3.143_1",-0.0518045543503077,-0.028798930379599,0.602926924592225,0.0670579397004195,0.0946592751493346,-0.0368646614408298,0.0771685963247736,0.0108378037146871,-0.12198123530695,0.0275345323787864
"Q3.144_1",0.0898794387321331,0.0362965484137781,0.414127254803541,-0.0197369823233685,-0.0328585640233156,0.121589440479854,0.0496574906002174,0.188757877598559,0.0750670036548165,-0.242421438518801
"Q3.145_1",-0.0258202616442828,0.0702828393065589,0.288837737559044,0.0718852820850657,0.00405888216850996,0.0164536162272242,-0.0464676642992159,-0.0120521737702268,0.522325277152535,-0.188879830687919
"Q3.146_1",0.05039981154948,0.116643351479296,0.401465140210191,0.172045726180325,0.01086761372813,0.0506963855878611,-0.0232838892796628,0.0506575629666955,0.243858787490891,-0.183535954537524
"Q3.147_1",-0.0431440164808866,0.0509556531399272,0.399433803209955,0.0473613335848239,-0.0163276940835701,0.0839484644154389,-0.0660830031033765,0.00185763732675526,0.445849771651628,-0.158628440807311
"Q3.148_1",0.0887463416554492,0.139005872570522,0.476184907577938,0.0647686311392549,-0.0498061081680473,0.134262347521729,-0.0793067428638689,0.0316811774103136,0.248424737000472,-0.108102216703157
"Q3.149_1",0.0611350972204773,0.0711546488564331,0.541389811687962,0.0358753189119273,-0.0129881273088382,0.102255798706365,0.0200231499208968,0.0555595408114943,0.130974560135566,-0.224908003567918
"Q3.150_1",-0.133510891611699,0.0341721352396136,0.0559989268704368,0.0421407724567445,0.00778199469035981,0.068745272373324,0.00298174539768455,-0.0398710562503244,0.740840791961905,0.0416751481874533
"Q3.151_1",-0.0908058442045724,-0.0204436876472553,-0.0336557123867506,0.0229500209482651,0.0137261397178508,0.0465373476671865,-0.0319425610928064,-0.0663945083582961,0.727677375546763,0.0785846521028525
"Q3.152_1",0.14714355159448,0.234766435686521,0.316030699024778,0.0497329245280953,-0.0776116738998464,0.0343018186460176,-0.178772291697294,0.0820418678479522,0.0628929382619069,-0.0780259040451013
"Q3.153_1",0.175048698562303,0.156677213098796,0.483289026529904,0.0168579409534702,-0.102466467990188,0.131214905093146,-0.0804516025306945,0.0691262657651954,0.103711606904403,-0.105129116897275
"Q3.154_1",-0.0480541675796252,-0.00326111522661685,-0.116905294950072,-0.120808256393008,0.000810581454144886,0.0210364146522079,0.0239845965960442,0.00455013486319789,0.685203146852839,0.134176665546728
"Q3.159_1",0.339832404697804,0.151571318739406,0.15393437034304,-0.0115567202740609,-0.104175364209767,0.0652891029863801,0.125402553310728,0.27760605626859,0.00868903996333662,0.00242192281936264
"Q3.160_1",-0.0141276580662263,0.174645114939873,-0.00151816557284518,0.304799079657046,-0.0261414447806305,0.0396575823501945,-0.0888824796710317,0.0574836063360685,-0.107531642427571,-0.0509428172854262
"Q3.161_1",0.139245132178754,0.128842072344928,0.0118385133019528,-0.0125326999238454,-0.0153238074712255,0.00807859521353817,0.0572916937793878,0.21380679675065,0.0583912646771456,-0.128374344500487
"Q3.162_1",0.0210551541606691,0.100499591121279,0.248949714493508,0.176583528495651,0.0105230270125766,-0.00461485413312022,0.0236205817648562,0.0621237866327923,-0.0419467267369473,0.180469554467925
"Q3.163_1",0.242007870006884,0.107085355668049,0.136563439766373,0.0361533031822877,-0.217619081106836,0.0157493391686448,0.0991343349201346,0.379625271465941,0.0653606092379134,0.0661104743420238
"Q3.164_1",0.411873183569452,0.0960041380423818,0.124570840850082,-0.0231688285750452,0.48001627070817,-0.00681091492184068,-0.0113227128566273,-0.226467343752971,0.072429605120835,0.135413264580993
"Q3.165_1",0.170925271120438,0.116124789201559,0.0963840934436507,0.138653853194363,0.431746017498249,0.0510366122674313,0.0318941717420953,-0.128375031927117,0.0624190968799628,0.186911378955579
"Q3.166_1",0.385361185920089,0.0793116143193962,-0.0417032022725381,0.240199037106731,-0.203527998063216,0.0672957915737429,-0.155797853773463,-0.0748172087975139,0.148045268531963,0.146124855192127
"Q3.167_1",0.357243097461838,0.111430563488339,0.120693582720171,-0.00652024472666796,0.495687352216967,0.00967126416600586,-0.00278567727793141,-0.237350365369192,0.0794469531892791,0.146833170894467
"Q3.168_1",0.35751821931205,0.108864319149535,0.084231455150114,0.215843733247307,-0.0817199997335468,0.0829754219829328,-0.161484891368526,-0.096375155685721,0.00115188692173389,0.163050307432673
"Q3.169_1",-0.0276246627381722,-0.083798724347601,0.119879176518394,0.0690364660020559,0.408282136142192,0.0320105577802258,0.0510957436199741,-0.208176313328039,-0.1962059827543,0.0691312941300788
"Q3.170_1",-0.30722042380962,-0.150601024628631,-0.043836232078034,-0.0786602805490861,0.351382502555552,0.0364460181086043,0.0209929170445155,-0.150557038081481,-0.157575904129033,-0.018644783355693
"Q3.171_1",0.335697562941454,-0.00449244203293608,0.028606395649819,0.0766959226575885,0.427289836331765,0.0270044457513771,0.0271975294225017,-0.157697925015813,0.141844341898206,-0.124300699468251
"Q3.172_1",0.11071834074681,-0.062810974178616,-0.0320660337960418,-0.201340246229622,0.428825223867101,0.00996122815289802,0.0883061395855289,0.0379376395939698,0.00592634855786212,-0.0751212751523401
"Q3.173_1",-0.177608990648071,-0.102833458997665,-0.0172623723854067,0.0246470007562216,0.528079598979092,-0.0156829057536418,0.085717385077122,-0.00944637240889739,-0.0158384700368578,-0.212144135598049
"Q3.174_1",0.108340800094372,0.135245860915834,-0.091382880478132,0.10012214863976,0.526053519921139,0.116138785988764,0.0593536870812202,0.229316501385045,0.0665041021714351,0.0303304835017206
"Q3.175_1",-0.10102478461556,0.00596311572082973,-0.0101576063786623,0.108756006915597,0.561291651314253,0.105069653848096,0.11245131727316,0.200864880100605,-0.0412534180143716,-0.129265803458825
"Q3.176_1",-0.1296903770706,0.00793063356827014,-0.0452846978051206,0.0420937250440603,0.541335292853131,0.0889219894367262,0.0911816553670144,0.178862888813205,-0.0521918674535244,-0.205006588956309
"Q3.177_1",0.112669503169428,0.120915997262566,-0.0664343429938732,0.214812926885745,0.429920467230242,0.0434754549869527,0.0977375116666999,0.186924016890221,0.0790816678837704,-0.0452059854708658
"Q3.178_1",0.375417618507427,0.0226266331203145,0.0928025102588889,0.0485812961808038,0.493537859738511,-0.0393262816339663,-0.000769076735447835,-0.0846024145998713,0.0793768344759059,-0.0504195401655816
"Q3.179_1",0.197302888613248,0.0375294528610913,0.150660057242427,0.0480134694417376,0.511533644963753,0.0485268252335185,-0.00884308930419842,-0.20868581353838,0.0366433560508703,0.157059529091367
"Q3.180_1",-0.105265003530488,0.0236153721100996,0.0987410274515377,0.261850857380225,0.420961543272915,0.120908196389602,0.0721100179028338,0.0814071943093145,-0.0304734027670975,-0.163458638065657
"Q3.181_1",-0.278617343952162,-0.0785917352307434,-0.145448950188073,-0.165449865480738,0.339779556515478,0.0157868694463248,0.0679479583749142,0.0347710015492093,-0.0296051359142248,-0.135716043170006
"Q3.182_1",-0.175277704383303,0.0530333501562816,0.0724487138598499,-0.00644102787395867,0.541801257185229,0.0278245821813618,0.089302096569637,-0.0743180271273779,-0.23065883210208,0.0623611963411476
"Q3.183_1",-0.123431606405969,-0.164339994713836,0.0808607819245944,-0.0227599427705824,0.217923622209543,0.0319337096456737,0.0329648867690594,-0.0978710529070262,-0.1545145205137,-0.00413508080133081
"Q3.184_1",-0.378771098538051,-0.146990212912506,-0.112276756180668,0.148893736741461,0.269926376737695,-0.134636904567592,0.059214280001905,-0.0416970355352814,0.136492110238136,-0.0749423983340434
"Q3.199_1",0.0630086650018308,-0.0117713709492025,0.0904823525807538,0.106858721177535,-0.00397661300648,-0.00928521848629454,0.562039496936403,-0.166986837193973,-0.0952196618863426,0.0644971106513321
"Q3.200_1",0.198166362410084,0.078004508504146,0.299053599927539,0.125783958755961,-0.0509538399578597,0.0584264754038069,-0.0228287009057229,-0.124618017464802,-0.0518885956949465,0.145329654915725
"Q3.201_1",-0.0605860472480005,0.0519429671292937,0.00262242523442784,0.115216218086996,-0.0317262204610574,0.00773780492087911,0.750317206520664,-0.12104483235346,-0.0235762603781841,0.0200963314138638
"Q3.202_1",-0.041947640512203,0.00916275034187642,0.0451167773735511,0.0400337583745059,0.03795212471995,0.0141382326144677,0.703821027653872,-0.0848885681624144,-0.0949707488520612,0.0853290846231006
"Q3.203_1",0.00678081487379405,0.00822770431853492,0.0101626569519982,-0.080491959542047,-0.0314037721650316,0.0262679881604255,0.807914674769598,-0.0384167964498189,-0.0237765578692252,0.0235797174718994
"Q3.204_1",0.0402490736141524,0.0448378388588675,0.0319134997950185,0.0405890766317954,-0.0321979850641643,0.0839171439821931,0.595772668138469,0.0141512855261193,0.0903399382956595,-0.0481282173529994
"Q3.205_1",0.0456715735349974,0.0243585782674355,-0.0763771681239108,-0.138760227761011,-0.0517814563266122,-0.00443594413534795,0.749914893471343,0.0260084488974408,0.0888822509452183,-0.0784767636030881
"Q3.206_1",0.0171429343757842,-0.00433567686058959,0.164674100795068,0.11899158368725,0.0291967383910407,0.00308334705203608,0.460605749940275,-0.0389655013212819,-0.0929037120384378,0.208058404139238
"Q3.207_1",0.0356112829608205,0.0471152903821317,-0.0913255242986586,-0.0977997711407007,-0.0192949526142892,0.0479153103855676,0.703766300523038,0.112907732842185,0.0445096337858174,-0.0705455589876506
"Q3.208_1",0.00318838413630135,-0.0271104132658207,0.0494449021425275,0.138783894651782,0.0357903086782601,0.0106660706153662,0.665657542181413,-0.0625050595481112,-0.0486434819598071,0.0866123963256547
"Q3.209_1",-0.0693363272581717,-0.00841254484856595,-0.0302571495494605,0.0209072593949775,0.0153507472105373,-0.0188473870759102,0.74674672581256,0.0933659128484526,0.0308431070595218,-0.103040058628442
"Q3.210_1",0.0744427070685298,0.0317506545183694,-0.0461099822074586,-0.0361622731111675,-0.0366755361897172,-0.0496817375361996,0.414754150138217,0.0547598229022309,0.118294165988577,-0.191538030971916
"Q3.211_1",0.66911722239132,0.0408710363205917,-0.00710248712593807,0.122047382550934,0.0625984655021943,0.0278376918546022,0.0655771558805597,-0.0344303869773673,-0.0273229407969505,0.086432840278558
"Q3.212_1",0.697994131308003,0.0054837076888449,0.0378582275651868,0.0746746174639129,0.0943180893750334,0.0428778802917273,0.0566277822438741,-0.0553049285972564,-0.0676767244057949,0.06986958932401
"Q3.213_1",0.673935945719073,-0.00989887917106397,0.0224039461737227,0.0931454042163082,0.0495089273504131,-0.0224322450422012,0.046200637737305,-0.0282719718264766,-0.062466473994198,0.114187638715933
"Q3.214_1",0.716475406481075,-0.0204894777722889,-0.0242557441528675,0.0673499012442988,0.101160573032505,0.0296438197184991,0.0639917385805091,0.0845175836523864,-0.0708677948259793,-0.0163280544454195
"Q3.215_1",0.655712877012193,-0.0116897363624835,-0.0526348863726732,0.0615611152316715,0.015259676840732,0.119415233264143,0.0829593367950177,0.151105407608672,0.0339859408925707,-0.0532886899289612
"Q3.216_1",0.655860213249078,0.0249255978814854,-0.0607194287975958,0.097122587443666,0.0736287603244855,0.00762569425175558,0.0922969879695627,0.110866092403462,-0.0156574468057205,-0.0822470176729878
"Q3.217_1",0.714306078946094,-0.0290259569438366,0.0195509513536319,0.116053463533643,0.0656278561110356,0.00769629074890544,0.0695352807673269,0.0337343345397423,-0.0251182503965662,-0.0201761891022156
"Q3.218_1",0.0478540469699709,-0.00646870823096365,-0.041864245677381,-0.123973469385744,0.00806554930534532,-0.00489480104667294,0.630141061870517,-0.0463148150330141,-0.038209023391381,0.0911902720899966
"Q3.219_1",0.238540062042162,0.0536322412594904,-0.13494236926769,0.206078860017974,0.032014604303579,0.0205783391021901,0.322795006036667,0.0252238987505585,0.076550896189613,-0.1009057213465
"Q3.220_1",0.279115148398194,-0.000524180893511351,0.13915802980902,0.074391206429383,-0.0466042558534301,0.042331495979481,0.106568786228856,0.289670678492956,-0.0638430211577675,0.11544786753664
"Q3.221_1",0.420257597746293,0.00715847909052747,0.0208022461767165,0.0563106196035919,-0.0435238397314257,0.0576543310833507,0.115173416301923,0.360872555309308,0.0566144911353477,-0.00532032659556964
"Q3.222_1",0.346408122192753,0.010020429071607,0.0282846462469641,0.153285213428061,-0.0388441919909209,-0.0366682088445389,0.120822056282131,0.308090951544566,0.0227803447155345,-0.0511796844797112
"Q3.223_1",0.214541367710774,0.0717451865099198,0.0739203002137802,0.00152972844273587,0.0184041556893588,-0.0779843191508328,0.223536067215955,0.271951805339325,0.0475751537391336,-0.139891376481404
